,precision,recall,f1-score,support
cashew|healthy,0.9656488549618321,0.9440298507462687,0.9547169811320755,268.0
cassava|healthy,0.934156378600823,0.9458333333333333,0.9399585921325052,240.0
maize|healthy,0.6031746031746031,0.926829268292683,0.7307692307692307,41.0
tomato|healthy,0.8198198198198198,1.0,0.900990099009901,91.0
